images,z,x
data\images\0000230_z05_x06.jpg,5,6
data\images\0000231_z05_x06.jpg,5,6
data\images\0000232_z05_x06.jpg,5,6
data\images\0000233_z06_x06.jpg,6,6
data\images\0000234_z06_x06.jpg,6,6
data\images\0000235_z06_x06.jpg,6,6
data\images\0000236_z07_x06.jpg,7,6
data\images\0000237_z07_x06.jpg,7,6
data\images\0000238_z07_x06.jpg,7,6
data\images\0000239_z08_x06.jpg,8,6
data\images\0000240_z08_x06.jpg,8,6
data\images\0000241_z08_x06.jpg,8,6
data\images\0000242_z08_x06.jpg,8,6
data\images\0000243_z08_x06.jpg,8,6
data\images\0000244_z08_x07.jpg,8,7
data\images\0000245_z08_x07.jpg,8,7
data\images\0000246_z08_x07.jpg,8,7
data\images\0000247_z08_x07.jpg,8,7
data\images\0000248_z08_x07.jpg,8,7
data\images\0000249_z08_x07.jpg,8,7
data\images\0000250_z08_x07.jpg,8,7
data\images\0000251_z08_x07.jpg,8,7
data\images\0000252_z07_x07.jpg,7,7
data\images\0000253_z07_x07.jpg,7,7
data\images\0000254_z07_x07.jpg,7,7
data\images\0000255_z07_x07.jpg,7,7
data\images\0000256_z07_x07.jpg,7,7
data\images\0000257_z07_x07.jpg,7,7
data\images\0000258_z07_x07.jpg,7,7
data\images\0000259_z07_x07.jpg,7,7
data\images\0000260_z07_x07.jpg,7,7
data\images\0000261_z05_x07.jpg,5,7
data\images\0000262_z05_x06.jpg,5,6
data\images\0000263_z05_x06.jpg,5,6
data\images\0000264_z05_x06.jpg,5,6
data\images\0000265_z05_x06.jpg,5,6
data\images\0000266_z06_x06.jpg,6,6
data\images\0000267_z06_x06.jpg,6,6
data\images\0000268_z07_x06.jpg,7,6
data\images\0000269_z07_x06.jpg,7,6
data\images\0000270_z07_x06.jpg,7,6
data\images\0000271_z07_x06.jpg,7,6
data\images\0000272_z07_x06.jpg,7,6
data\images\0000273_z08_x06.jpg,8,6
data\images\0000274_z08_x06.jpg,8,6
data\images\0000275_z08_x06.jpg,8,6
data\images\0000276_z08_x06.jpg,8,6
data\images\0000277_z08_x06.jpg,8,6
data\images\0000278_z08_x06.jpg,8,6
data\images\0000279_z08_x06.jpg,8,6
data\images\0000280_z06_x06.jpg,6,6
data\images\0000281_z06_x06.jpg,6,6
data\images\0000282_z06_x06.jpg,6,6
data\images\0000283_z05_x06.jpg,5,6
data\images\0000284_z05_x06.jpg,5,6
data\images\0000285_z08_x06.jpg,8,6
data\images\0000286_z08_x06.jpg,8,6
data\images\0000287_z08_x06.jpg,8,6
data\images\0000288_z08_x06.jpg,8,6
data\images\0000289_z08_x06.jpg,8,6
data\images\0000290_z08_x07.jpg,8,7
data\images\0000291_z08_x07.jpg,8,7
data\images\0000292_z08_x07.jpg,8,7
data\images\0000293_z08_x07.jpg,8,7
data\images\0000294_z08_x07.jpg,8,7
data\images\0000295_z08_x07.jpg,8,7
data\images\0000296_z08_x07.jpg,8,7
data\images\0000297_z07_x07.jpg,7,7
data\images\0000298_z06_x07.jpg,6,7
data\images\0000299_z06_x07.jpg,6,7
data\images\0000300_z06_x07.jpg,6,7
data\images\0000301_z06_x07.jpg,6,7
data\images\0000302_z06_x07.jpg,6,7
data\images\0000303_z06_x07.jpg,6,7
data\images\0000304_z06_x07.jpg,6,7
data\images\0000305_z07_x07.jpg,7,7
data\images\0000306_z07_x07.jpg,7,7
data\images\0000307_z08_x07.jpg,8,7
data\images\0000308_z08_x07.jpg,8,7
data\images\0000309_z08_x07.jpg,8,7
data\images\0000310_z08_x07.jpg,8,7
data\images\0000311_z07_x07.jpg,7,7
data\images\0000312_z07_x07.jpg,7,7
data\images\0000313_z07_x06.jpg,7,6
data\images\0000314_z07_x06.jpg,7,6
data\images\0000315_z07_x06.jpg,7,6
data\images\0000316_z07_x06.jpg,7,6
data\images\0000317_z08_x06.jpg,8,6
data\images\0000318_z08_x06.jpg,8,6
data\images\0000319_z07_x06.jpg,7,6
data\images\0000320_z06_x06.jpg,6,6
data\images\0000321_z06_x06.jpg,6,6
data\images\0000322_z07_x06.jpg,7,6
data\images\0000323_z08_x06.jpg,8,6
data\images\0000324_z07_x06.jpg,7,6
data\images\0000325_z07_x06.jpg,7,6
data\images\0000326_z05_x06.jpg,5,6
data\images\0000327_z05_x06.jpg,5,6
data\images\0000328_z05_x06.jpg,5,6
data\images\0000329_z07_x06.jpg,7,6
